SITE,RESEARCHER,ID,GODSPIRIT,ORDERG,RANKG,CONCERN,SEE,PUNISH,REWARD
Tyva Republic,Purzycki,C30101,Shakyamuni,1,2,0,0,0,0
Tyva Republic,Purzycki,C30101,Buddha,2,1,1,0,0,1
Tyva Republic,Purzycki,C30101,Jesus,3,3,0,0,0,0
Tyva Republic,Purzycki,C30101,NA,4,NA,NA,NA,NA,NA
Tyva Republic,Purzycki,C30101,NA,5,NA,NA,NA,NA,NA
Tyva Republic,Purzycki,C3012,Buddha,1,1,1,1,1,1
Tyva Republic,Purzycki,C3012,Shakyamuni,2,2,1,1,1,1
Tyva Republic,Purzycki,C3012,Manjusri,3,4,1,1,1,1
Tyva Republic,Purzycki,C3012,Nogaan Darigi (Green Tara),4,3,1,1,1,1
Tyva Republic,Purzycki,C3012,water eezi,5,5,1,1,1,1
Tyva Republic,Purzycki,C3013,Buddha,1,2,1,1,1,1
Tyva Republic,Purzycki,C3013,Shakyamuni,2,3,0,0,1,1
Tyva Republic,Purzycki,C3013,Nogaan Darigi (Green Tara),3,1,1,1,1,1
Tyva Republic,Purzycki,C3013,Allah,4,5,1,1,1,1
Tyva Republic,Purzycki,C3013,Jesus,5,4,1,1,1,1
Tyva Republic,Purzycki,C3014,Buddha,1,1,1,1,1,1
Tyva Republic,Purzycki,C3014,Zeus,2,NA,0,0,0,0
Tyva Republic,Purzycki,C3014,Jesus,3,NA,0,0,0,0
Tyva Republic,Purzycki,C3014,Poseidon,4,NA,0,0,0,0
Tyva Republic,Purzycki,C3014,Aphrodite,5,NA,0,0,0,0
Tyva Republic,Purzycki,C3014,Krishna,6,NA,NA,NA,NA,NA
Tyva Republic,Purzycki,C3014,Allah,7,NA,NA,NA,NA,NA
Tyva Republic,Purzycki,C3015,Ochurbani (Vajrapani),1,4,1,1,1,1
Tyva Republic,Purzycki,C3015,Dorzhu,2,5,1,1,1,1
Tyva Republic,Purzycki,C3015,Shakyamuni,3,2,1,1,1,1
Tyva Republic,Purzycki,C3015,Buddha,4,1,1,1,1,1
Tyva Republic,Purzycki,C3015,Nogaan Darigi (Green Tara),5,3,1,1,1,1
Tyva Republic,Purzycki,C3016,Buddha,1,1,NA,1,1,1
Tyva Republic,Purzycki,C3016,Jesus,2,2,NA,0,0,0
Tyva Republic,Purzycki,C3016,Zeus,3,3,NA,0,0,0
Tyva Republic,Purzycki,C3016,Aita,4,4,NA,0,0,0
Tyva Republic,Purzycki,C3016,Apollo,5,5,NA,0,0,0
Tyva Republic,Purzycki,C3017,Tengri,1,1,1,1,1,1
Tyva Republic,Purzycki,C3017,Ochurbani (Vajrapani),2,2,1,1,1,1
Tyva Republic,Purzycki,C3017,Ganesha,3,3,1,1,1,1
Tyva Republic,Purzycki,C3017,Geo,4,4,1,1,1,1
Tyva Republic,Purzycki,C3017,Manjusri,5,5,1,1,1,1
Tyva Republic,Purzycki,C3018,Nogaan Darigi (Green Tara),1,1,NA,NA,NA,NA
Tyva Republic,Purzycki,C3018,NA,1,NA,NA,NA,NA,NA
Tyva Republic,Purzycki,C3018,NA,2,NA,NA,NA,NA,NA
Tyva Republic,Purzycki,C3018,NA,3,NA,NA,NA,NA,NA
Tyva Republic,Purzycki,C3018,NA,4,NA,NA,NA,NA,NA
Tyva Republic,Purzycki,C3019,place/territory eezi,1,1,1,1,1,0
Tyva Republic,Purzycki,C3019,angel,2,2,1,1,1,0
Tyva Republic,Purzycki,C3020,taiga eezi,1,1,0,0,1,0
Tyva Republic,Purzycki,C3020,natural spring eezi,2,4,0,1,0,0
Tyva Republic,Purzycki,C3020,xem eezi,3,5,0,0,0,0
Tyva Republic,Purzycki,C3020,house eezi,4,3,1,0,0,0
Tyva Republic,Purzycki,C3020,fire eezi,5,2,0,0,0,1
Tyva Republic,Purzycki,C3023,Buddha,1,1,1,1,1,1
Tyva Republic,Purzycki,C3023,Jesus,2,2,1,1,0,1
Tyva Republic,Purzycki,C3023,Allah,3,3,1,NA,1,0
Tyva Republic,Purzycki,C3023,NA,4,NA,NA,NA,NA,NA
Tyva Republic,Purzycki,C3023,NA,5,NA,NA,NA,NA,NA
Tyva Republic,Purzycki,C3024,Jesus,1,1,1,1,1,1
Tyva Republic,Purzycki,C3024,Allah,2,3,D/K,D/K,D/K,D/K
Tyva Republic,Purzycki,C3024,Buddha,3,2,D/K,0,1,1
Tyva Republic,Purzycki,C3025,place/territory eezi,1,2,NA,1,1,1
Tyva Republic,Purzycki,C3025,water eezi,2,1,NA,1,1,1
Tyva Republic,Purzycki,C3025,forest eezi,3,4,NA,1,1,1
Tyva Republic,Purzycki,C3025,mountain eezi,4,5,NA,1,1,1
Tyva Republic,Purzycki,C3025,house eezi,5,3,NA,1,1,1
Tyva Republic,Purzycki,C3028,tos deer dolaan burgan,1,NA,1,1,0,0
Tyva Republic,Purzycki,C3028,angel,2,NA,1,1,NA,1
Tyva Republic,Purzycki,C3028,place/territory eezi,3,NA,1,1,1,1
Tyva Republic,Purzycki,C3028,fire eezi,4,NA,1,1,1,1
Tyva Republic,Purzycki,C3028,water eezi,5,NA,1,1,1,1
Tyva Republic,Purzycki,C3028,NA,NA,NA,NA,NA,NA,NA
Tyva Republic,Purzycki,C3028,NA,NA,NA,NA,NA,NA,NA
Tyva Republic,Purzycki,C3029,Buddha,1,1,1,1,1,1
Tyva Republic,Purzycki,C3029,Jesus,2,2,0,0,0,0
Tyva Republic,Purzycki,C3029,Mohammed,3,3,0,0,0,0
Tyva Republic,Purzycki,C3029,Aita,4,4,0,0,0,0
Tyva Republic,Purzycki,C3029,Poseidon,5,5,0,0,0,0
Tyva Republic,Purzycki,C3034,Buddha,1,1,1,1,1,1
Tyva Republic,Purzycki,C3034,Jesus,2,2,1,1,1,1
Tyva Republic,Purzycki,C3034,Allah,3,5,NA,NA,NA,NA
Tyva Republic,Purzycki,C3034,Dalai-Lama,4,3,1,1,1,1
Tyva Republic,Purzycki,C3034,man as god,5,4,NA,NA,NA,NA
Tyva Republic,Purzycki,C8032,mountain eezi,1,3,1,0,0,0
Tyva Republic,Purzycki,C8032,water eezi,2,1,1,1,1,1
Tyva Republic,Purzycki,C8032,place/territory eezi,3,2,1,1,1,1
Tyva Republic,Purzycki,C8032,fire eezi,4,4,1,1,1,1
Tyva Republic,Purzycki,C8032,NA,5,NA,NA,NA,NA,NA
Tyva Republic,Purzycki,D3021,Jesus,1,2,1,1,1,1
Tyva Republic,Purzycki,D3021,Holy Spirit,2,3,1,1,1,1
Tyva Republic,Purzycki,D3021,God the Father,3,1,1,1,1,1
Tyva Republic,Purzycki,D3021,Buddha,4,4,0,0,0,0
Tyva Republic,Purzycki,D3021,place/territory eezi,5,5,0,0,1,0
Tyva Republic,Purzycki,D3025,Buddha,1,1,0,0,0,1
Tyva Republic,Purzycki,D3025,Jesus,2,2,1,1,1,1
Tyva Republic,Purzycki,D3025,Mohammed,3,5,1,0,1,1
Tyva Republic,Purzycki,D3025,Krishna,4,4,0,1,1,1
Tyva Republic,Purzycki,D3025,Ahura Mazda,5,3,1,1,1,1
Tyva Republic,Purzycki,D3031,place/territory eezi,1,3,NA,NA,NA,NA
Tyva Republic,Purzycki,D3031,water eezi,2,4,NA,NA,NA,NA
Tyva Republic,Purzycki,D3031,house eezi,3,1,1,1,1,1
Tyva Republic,Purzycki,D3031,Buddha,4,2,NA,NA,NA,NA
Tyva Republic,Purzycki,D3031,Jesus,5,5,NA,NA,NA,NA
Tyva Republic,Purzycki,D4026,place/territory eezi,1,4,1,1,1,1
Tyva Republic,Purzycki,D4026,water eezi,2,2,NA,1,1,1
Tyva Republic,Purzycki,D4026,Buddha,3,1,1,NA,0,1
Tyva Republic,Purzycki,D4026,house eezi,4,3,1,1,0,1
Tyva Republic,Purzycki,D4026,NA,5,NA,NA,NA,NA,NA
Tyva Republic,Purzycki,D4301,place/territory eezi,1,4,0,0,1,1
Tyva Republic,Purzycki,D4301,water eezi,2,5,0,0,1,1
Tyva Republic,Purzycki,D4301,Buddha,3,1,1,1,1,1
Tyva Republic,Purzycki,D4301,Dalai-Lama,4,3,1,0,0,0
Tyva Republic,Purzycki,D4301,Jesus,5,2,1,1,1,1
Tyva Republic,Purzycki,D4302,Buddha,1,1,1,NA,0,1
Tyva Republic,Purzycki,D4302,azalar,2,2,1,0,0,1
Tyva Republic,Purzycki,D4302,NA,3,NA,NA,NA,NA,NA
Tyva Republic,Purzycki,D4302,NA,4,NA,NA,NA,NA,NA
Tyva Republic,Purzycki,D4302,NA,5,NA,NA,NA,NA,NA
Tyva Republic,Purzycki,D4314,Arbyvala,1,1,1,1,1,1
Tyva Republic,Purzycki,D4314,Shakyamuni,2,2,1,1,1,1
Tyva Republic,Purzycki,D4314,Manjusri,3,3,1,1,1,1
Tyva Republic,Purzycki,D4314,Kongar,4,4,1,1,1,1
Tyva Republic,Purzycki,D4314,Namzyrai (Bisman),5,5,1,1,1,1
Tyva Republic,Purzycki,D4826,Buddha,1,1,NA,1,1,1
Tyva Republic,Purzycki,D4826,Namzyrai (Bisman),2,3,1,1,1,1
Tyva Republic,Purzycki,D4826,azalar,3,4,1,NA,1,1
Tyva Republic,Purzycki,D4826,chedi-xaan,4,2,0,1,1,1
Tyva Republic,Purzycki,D4826,NA,NA,NA,NA,NA,NA,NA
Tyva Republic,Purzycki,M3011,Neptune,1,NA,NA,NA,NA,NA
Tyva Republic,Purzycki,M3011,Zeus,2,NA,NA,NA,NA,NA
Tyva Republic,Purzycki,M3011,Dionysus,3,NA,NA,NA,NA,NA
Tyva Republic,Purzycki,M3011,Ares,4,NA,NA,NA,NA,NA
Tyva Republic,Purzycki,M3011,Buddha,5,NA,NA,NA,NA,NA
Tyva Republic,Purzycki,M3011,Nogaan Darigi (Green Tara),6,1,1,1,1,1
Tyva Republic,Purzycki,M3011,place/territory eezi,7,2,NA,NA,NA,NA
Tyva Republic,Purzycki,M3011,water eezi,8,3,NA,NA,NA,NA
Tyva Republic,Purzycki,M3011,mountain eezi,9,4,NA,NA,NA,NA
